zarr_path,x,y
/home/ubuntu/mucilage_pipeline/mucilage-detection/data/adr_test_tqr/target/S2B_MSIL2A_20240731T100559_N0511_R022_T32TQR_20240731T125141.zarr,8476,7122
/home/ubuntu/mucilage_pipeline/mucilage-detection/data/adr_test_tqr/target/S2B_MSIL2A_20240731T100559_N0511_R022_T32TQR_20240731T125141.zarr,7314,10500
/home/ubuntu/mucilage_pipeline/mucilage-detection/data/adr_test_tqr/target/S2B_MSIL2A_20240731T100559_N0511_R022_T32TQR_20240731T125141.zarr,10640,9078
/home/ubuntu/mucilage_pipeline/mucilage-detection/data/adr_test_tqr/target/S2B_MSIL2A_20240731T100559_N0511_R022_T32TQR_20240731T125141.zarr,9474,8285
/home/ubuntu/mucilage_pipeline/mucilage-detection/data/adr_test_tqr/target/S2B_MSIL2A_20240731T100559_N0511_R022_T32TQR_20240731T125141.zarr,6082,5869
/home/ubuntu/mucilage_pipeline/mucilage-detection/data/adr_test_tqr/target/S2B_MSIL2A_20240731T100559_N0511_R022_T32TQR_20240731T125141.zarr,10617,5868
/home/ubuntu/mucilage_pipeline/mucilage-detection/data/adr_test_tqr/target/S2B_MSIL2A_20240731T100559_N0511_R022_T32TQR_20240731T125141.zarr,10183,5119
/home/ubuntu/mucilage_pipeline/mucilage-detection/data/adr_test_tqr/target/S2B_MSIL2A_20240731T100559_N0511_R022_T32TQR_20240731T125141.zarr,7750,9961
/home/ubuntu/mucilage_pipeline/mucilage-detection/data/adr_test_tqr/target/S2B_MSIL2A_20240731T100559_N0511_R022_T32TQR_20240731T125141.zarr,9566,8299
/home/ubuntu/mucilage_pipeline/mucilage-detection/data/adr_test_tqr/target/S2B_MSIL2A_20240731T100559_N0511_R022_T32TQR_20240731T125141.zarr,7599,8925
/home/ubuntu/mucilage_pipeline/mucilage-detection/data/adr_test_tqr/target/S2B_MSIL2A_20240731T100559_N0511_R022_T32TQR_20240731T125141.zarr,9555,4654
/home/ubuntu/mucilage_pipeline/mucilage-detection/data/adr_test_tqr/target/S2B_MSIL2A_20240731T100559_N0511_R022_T32TQR_20240731T125141.zarr,8697,10634
/home/ubuntu/mucilage_pipeline/mucilage-detection/data/adr_test_tqr/target/S2B_MSIL2A_20240731T100559_N0511_R022_T32TQR_20240731T125141.zarr,9632,6227
/home/ubuntu/mucilage_pipeline/mucilage-detection/data/adr_test_tqr/target/S2B_MSIL2A_20240731T100559_N0511_R022_T32TQR_20240731T125141.zarr,5688,6039
/home/ubuntu/mucilage_pipeline/mucilage-detection/data/adr_test_tqr/target/S2B_MSIL2A_20240731T100559_N0511_R022_T32TQR_20240731T125141.zarr,10693,6048
/home/ubuntu/mucilage_pipeline/mucilage-detection/data/adr_test_tqr/target/S2B_MSIL2A_20240731T100559_N0511_R022_T32TQR_20240731T125141.zarr,7771,6751
/home/ubuntu/mucilage_pipeline/mucilage-detection/data/adr_test_tqr/target/S2B_MSIL2A_20240731T100559_N0511_R022_T32TQR_20240731T125141.zarr,8440,7895
/home/ubuntu/mucilage_pipeline/mucilage-detection/data/adr_test_tqr/target/S2B_MSIL2A_20240731T100559_N0511_R022_T32TQR_20240731T125141.zarr,5152,7419
/home/ubuntu/mucilage_pipeline/mucilage-detection/data/adr_test_tqr/target/S2B_MSIL2A_20240731T100559_N0511_R022_T32TQR_20240731T125141.zarr,9604,6680
/home/ubuntu/mucilage_pipeline/mucilage-detection/data/adr_test_tqr/target/S2B_MSIL2A_20240731T100559_N0511_R022_T32TQR_20240731T125141.zarr,8009,8361
/home/ubuntu/mucilage_pipeline/mucilage-detection/data/adr_test_tqr/target/S2B_MSIL2A_20240731T100559_N0511_R022_T32TQR_20240731T125141.zarr,10361,5752
/home/ubuntu/mucilage_pipeline/mucilage-detection/data/adr_test_tqr/target/S2B_MSIL2A_20240731T100559_N0511_R022_T32TQR_20240731T125141.zarr,9557,6685
/home/ubuntu/mucilage_pipeline/mucilage-detection/data/adr_test_tqr/target/S2B_MSIL2A_20240731T100559_N0511_R022_T32TQR_20240731T125141.zarr,9471,7079
/home/ubuntu/mucilage_pipeline/mucilage-detection/data/adr_test_tqr/target/S2B_MSIL2A_20240731T100559_N0511_R022_T32TQR_20240731T125141.zarr,5337,7544
/home/ubuntu/mucilage_pipeline/mucilage-detection/data/adr_test_tqr/target/S2B_MSIL2A_20240731T100559_N0511_R022_T32TQR_20240731T125141.zarr,7257,6150
/home/ubuntu/mucilage_pipeline/mucilage-detection/data/adr_test_tqr/target/S2B_MSIL2A_20240731T100559_N0511_R022_T32TQR_20240731T125141.zarr,7239,7841
/home/ubuntu/mucilage_pipeline/mucilage-detection/data/adr_test_tqr/target/S2B_MSIL2A_20240731T100559_N0511_R022_T32TQR_20240731T125141.zarr,6750,8250
/home/ubuntu/mucilage_pipeline/mucilage-detection/data/adr_test_tqr/target/S2B_MSIL2A_20240731T100559_N0511_R022_T32TQR_20240731T125141.zarr,9787,5005
/home/ubuntu/mucilage_pipeline/mucilage-detection/data/adr_test_tqr/target/S2B_MSIL2A_20240731T100559_N0511_R022_T32TQR_20240731T125141.zarr,9619,8336
/home/ubuntu/mucilage_pipeline/mucilage-detection/data/adr_test_tqr/target/S2B_MSIL2A_20240731T100559_N0511_R022_T32TQR_20240731T125141.zarr,7580,5966
/home/ubuntu/mucilage_pipeline/mucilage-detection/data/adr_test_tqr/target/S2B_MSIL2A_20240731T100559_N0511_R022_T32TQR_20240731T125141.zarr,9173,5181
/home/ubuntu/mucilage_pipeline/mucilage-detection/data/adr_test_tqr/target/S2B_MSIL2A_20240731T100559_N0511_R022_T32TQR_20240731T125141.zarr,7024,10488
/home/ubuntu/mucilage_pipeline/mucilage-detection/data/adr_test_tqr/target/S2B_MSIL2A_20240731T100559_N0511_R022_T32TQR_20240731T125141.zarr,7182,10604
/home/ubuntu/mucilage_pipeline/mucilage-detection/data/adr_test_tqr/target/S2B_MSIL2A_20240731T100559_N0511_R022_T32TQR_20240731T125141.zarr,8346,9591
/home/ubuntu/mucilage_pipeline/mucilage-detection/data/adr_test_tqr/target/S2B_MSIL2A_20240731T100559_N0511_R022_T32TQR_20240731T125141.zarr,7705,6753
/home/ubuntu/mucilage_pipeline/mucilage-detection/data/adr_test_tqr/target/S2B_MSIL2A_20240731T100559_N0511_R022_T32TQR_20240731T125141.zarr,9562,5448
/home/ubuntu/mucilage_pipeline/mucilage-detection/data/adr_test_tqr/target/S2B_MSIL2A_20240731T100559_N0511_R022_T32TQR_20240731T125141.zarr,5266,8780
/home/ubuntu/mucilage_pipeline/mucilage-detection/data/adr_test_tqr/target/S2B_MSIL2A_20240731T100559_N0511_R022_T32TQR_20240731T125141.zarr,7035,7461
/home/ubuntu/mucilage_pipeline/mucilage-detection/data/adr_test_tqr/target/S2B_MSIL2A_20240731T100559_N0511_R022_T32TQR_20240731T125141.zarr,8671,5628
/home/ubuntu/mucilage_pipeline/mucilage-detection/data/adr_test_tqr/target/S2B_MSIL2A_20240731T100559_N0511_R022_T32TQR_20240731T125141.zarr,4528,7744
/home/ubuntu/mucilage_pipeline/mucilage-detection/data/adr_test_tqr/target/S2B_MSIL2A_20240731T100559_N0511_R022_T32TQR_20240731T125141.zarr,9796,4865
/home/ubuntu/mucilage_pipeline/mucilage-detection/data/adr_test_tqr/target/S2B_MSIL2A_20240731T100559_N0511_R022_T32TQR_20240731T125141.zarr,10013,10232
/home/ubuntu/mucilage_pipeline/mucilage-detection/data/adr_test_tqr/target/S2B_MSIL2A_20240731T100559_N0511_R022_T32TQR_20240731T125141.zarr,6973,6501
/home/ubuntu/mucilage_pipeline/mucilage-detection/data/adr_test_tqr/target/S2B_MSIL2A_20240731T100559_N0511_R022_T32TQR_20240731T125141.zarr,6336,8651
/home/ubuntu/mucilage_pipeline/mucilage-detection/data/adr_test_tqr/target/S2B_MSIL2A_20240731T100559_N0511_R022_T32TQR_20240731T125141.zarr,7160,6791
/home/ubuntu/mucilage_pipeline/mucilage-detection/data/adr_test_tqr/target/S2B_MSIL2A_20240731T100559_N0511_R022_T32TQR_20240731T125141.zarr,7068,7871
/home/ubuntu/mucilage_pipeline/mucilage-detection/data/adr_test_tqr/target/S2B_MSIL2A_20240731T100559_N0511_R022_T32TQR_20240731T125141.zarr,5580,8008
/home/ubuntu/mucilage_pipeline/mucilage-detection/data/adr_test_tqr/target/S2B_MSIL2A_20240731T100559_N0511_R022_T32TQR_20240731T125141.zarr,5532,6058
/home/ubuntu/mucilage_pipeline/mucilage-detection/data/adr_test_tqr/target/S2B_MSIL2A_20240731T100559_N0511_R022_T32TQR_20240731T125141.zarr,7283,10632
/home/ubuntu/mucilage_pipeline/mucilage-detection/data/adr_test_tqr/target/S2B_MSIL2A_20240731T100559_N0511_R022_T32TQR_20240731T125141.zarr,7649,9369
/home/ubuntu/mucilage_pipeline/mucilage-detection/data/adr_test_tqr/target/S2B_MSIL2A_20240731T100559_N0511_R022_T32TQR_20240731T125141.zarr,7636,10427
/home/ubuntu/mucilage_pipeline/mucilage-detection/data/adr_test_tqr/target/S2B_MSIL2A_20240731T100559_N0511_R022_T32TQR_20240731T125141.zarr,9418,10139
/home/ubuntu/mucilage_pipeline/mucilage-detection/data/adr_test_tqr/target/S2B_MSIL2A_20240731T100559_N0511_R022_T32TQR_20240731T125141.zarr,7590,8281
/home/ubuntu/mucilage_pipeline/mucilage-detection/data/adr_test_tqr/target/S2B_MSIL2A_20240731T100559_N0511_R022_T32TQR_20240731T125141.zarr,8904,10314
/home/ubuntu/mucilage_pipeline/mucilage-detection/data/adr_test_tqr/target/S2B_MSIL2A_20240731T100559_N0511_R022_T32TQR_20240731T125141.zarr,10150,5378
/home/ubuntu/mucilage_pipeline/mucilage-detection/data/adr_test_tqr/target/S2B_MSIL2A_20240731T100559_N0511_R022_T32TQR_20240731T125141.zarr,8008,6127
/home/ubuntu/mucilage_pipeline/mucilage-detection/data/adr_test_tqr/target/S2B_MSIL2A_20240731T100559_N0511_R022_T32TQR_20240731T125141.zarr,10437,6863
/home/ubuntu/mucilage_pipeline/mucilage-detection/data/adr_test_tqr/target/S2B_MSIL2A_20240731T100559_N0511_R022_T32TQR_20240731T125141.zarr,6068,7195
/home/ubuntu/mucilage_pipeline/mucilage-detection/data/adr_test_tqr/target/S2B_MSIL2A_20240731T100559_N0511_R022_T32TQR_20240731T125141.zarr,7537,6571
/home/ubuntu/mucilage_pipeline/mucilage-detection/data/adr_test_tqr/target/S2B_MSIL2A_20240731T100559_N0511_R022_T32TQR_20240731T125141.zarr,5964,9725
/home/ubuntu/mucilage_pipeline/mucilage-detection/data/adr_test_tqr/target/S2B_MSIL2A_20240731T100559_N0511_R022_T32TQR_20240731T125141.zarr,8717,7029
/home/ubuntu/mucilage_pipeline/mucilage-detection/data/adr_test_tqr/target/S2B_MSIL2A_20240731T100559_N0511_R022_T32TQR_20240731T125141.zarr,6783,6624
/home/ubuntu/mucilage_pipeline/mucilage-detection/data/adr_test_tqr/target/S2B_MSIL2A_20240731T100559_N0511_R022_T32TQR_20240731T125141.zarr,8606,7987
/home/ubuntu/mucilage_pipeline/mucilage-detection/data/adr_test_tqr/target/S2B_MSIL2A_20240731T100559_N0511_R022_T32TQR_20240731T125141.zarr,7784,5763
/home/ubuntu/mucilage_pipeline/mucilage-detection/data/adr_test_tqr/target/S2B_MSIL2A_20240731T100559_N0511_R022_T32TQR_20240731T125141.zarr,9649,9550
/home/ubuntu/mucilage_pipeline/mucilage-detection/data/adr_test_tqr/target/S2B_MSIL2A_20240731T100559_N0511_R022_T32TQR_20240731T125141.zarr,9914,5264
/home/ubuntu/mucilage_pipeline/mucilage-detection/data/adr_test_tqr/target/S2B_MSIL2A_20240731T100559_N0511_R022_T32TQR_20240731T125141.zarr,10473,9349
/home/ubuntu/mucilage_pipeline/mucilage-detection/data/adr_test_tqr/target/S2B_MSIL2A_20240731T100559_N0511_R022_T32TQR_20240731T125141.zarr,7679,6144
/home/ubuntu/mucilage_pipeline/mucilage-detection/data/adr_test_tqr/target/S2B_MSIL2A_20240731T100559_N0511_R022_T32TQR_20240731T125141.zarr,10268,4173
/home/ubuntu/mucilage_pipeline/mucilage-detection/data/adr_test_tqr/target/S2B_MSIL2A_20240731T100559_N0511_R022_T32TQR_20240731T125141.zarr,10311,9637
/home/ubuntu/mucilage_pipeline/mucilage-detection/data/adr_test_tqr/target/S2B_MSIL2A_20240731T100559_N0511_R022_T32TQR_20240731T125141.zarr,6070,9059
/home/ubuntu/mucilage_pipeline/mucilage-detection/data/adr_test_tqr/target/S2B_MSIL2A_20240731T100559_N0511_R022_T32TQR_20240731T125141.zarr,7846,9343
/home/ubuntu/mucilage_pipeline/mucilage-detection/data/adr_test_tqr/target/S2B_MSIL2A_20240731T100559_N0511_R022_T32TQR_20240731T125141.zarr,8568,5260
/home/ubuntu/mucilage_pipeline/mucilage-detection/data/adr_test_tqr/target/S2B_MSIL2A_20240731T100559_N0511_R022_T32TQR_20240731T125141.zarr,7988,7038
/home/ubuntu/mucilage_pipeline/mucilage-detection/data/adr_test_tqr/target/S2B_MSIL2A_20240731T100559_N0511_R022_T32TQR_20240731T125141.zarr,10009,5582
/home/ubuntu/mucilage_pipeline/mucilage-detection/data/adr_test_tqr/target/S2B_MSIL2A_20240731T100559_N0511_R022_T32TQR_20240731T125141.zarr,6751,9942
/home/ubuntu/mucilage_pipeline/mucilage-detection/data/adr_test_tqr/target/S2B_MSIL2A_20240731T100559_N0511_R022_T32TQR_20240731T125141.zarr,10658,8426
/home/ubuntu/mucilage_pipeline/mucilage-detection/data/adr_test_tqr/target/S2B_MSIL2A_20240731T100559_N0511_R022_T32TQR_20240731T125141.zarr,8069,6893
/home/ubuntu/mucilage_pipeline/mucilage-detection/data/adr_test_tqr/target/S2B_MSIL2A_20240731T100559_N0511_R022_T32TQR_20240731T125141.zarr,9118,5168
/home/ubuntu/mucilage_pipeline/mucilage-detection/data/adr_test_tqr/target/S2B_MSIL2A_20240731T100559_N0511_R022_T32TQR_20240731T125141.zarr,7896,6787
/home/ubuntu/mucilage_pipeline/mucilage-detection/data/adr_test_tqr/target/S2B_MSIL2A_20240731T100559_N0511_R022_T32TQR_20240731T125141.zarr,5653,6863
/home/ubuntu/mucilage_pipeline/mucilage-detection/data/adr_test_tqr/target/S2B_MSIL2A_20240731T100559_N0511_R022_T32TQR_20240731T125141.zarr,6044,9063
/home/ubuntu/mucilage_pipeline/mucilage-detection/data/adr_test_tqr/target/S2B_MSIL2A_20240731T100559_N0511_R022_T32TQR_20240731T125141.zarr,8556,8507
/home/ubuntu/mucilage_pipeline/mucilage-detection/data/adr_test_tqr/target/S2B_MSIL2A_20240731T100559_N0511_R022_T32TQR_20240731T125141.zarr,6716,10092
/home/ubuntu/mucilage_pipeline/mucilage-detection/data/adr_test_tqr/target/S2B_MSIL2A_20240731T100559_N0511_R022_T32TQR_20240731T125141.zarr,4780,7627
/home/ubuntu/mucilage_pipeline/mucilage-detection/data/adr_test_tqr/target/S2B_MSIL2A_20240731T100559_N0511_R022_T32TQR_20240731T125141.zarr,7357,5610
/home/ubuntu/mucilage_pipeline/mucilage-detection/data/adr_test_tqr/target/S2B_MSIL2A_20240731T100559_N0511_R022_T32TQR_20240731T125141.zarr,7248,8957
/home/ubuntu/mucilage_pipeline/mucilage-detection/data/adr_test_tqr/target/S2B_MSIL2A_20240731T100559_N0511_R022_T32TQR_20240731T125141.zarr,6819,9273
/home/ubuntu/mucilage_pipeline/mucilage-detection/data/adr_test_tqr/target/S2B_MSIL2A_20240731T100559_N0511_R022_T32TQR_20240731T125141.zarr,10091,8083
/home/ubuntu/mucilage_pipeline/mucilage-detection/data/adr_test_tqr/target/S2B_MSIL2A_20240731T100559_N0511_R022_T32TQR_20240731T125141.zarr,7680,9341
/home/ubuntu/mucilage_pipeline/mucilage-detection/data/adr_test_tqr/target/S2B_MSIL2A_20240731T100559_N0511_R022_T32TQR_20240731T125141.zarr,10703,7736
/home/ubuntu/mucilage_pipeline/mucilage-detection/data/adr_test_tqr/target/S2B_MSIL2A_20240731T100559_N0511_R022_T32TQR_20240731T125141.zarr,5606,7885
/home/ubuntu/mucilage_pipeline/mucilage-detection/data/adr_test_tqr/target/S2B_MSIL2A_20240731T100559_N0511_R022_T32TQR_20240731T125141.zarr,6952,7396
/home/ubuntu/mucilage_pipeline/mucilage-detection/data/adr_test_tqr/target/S2B_MSIL2A_20240731T100559_N0511_R022_T32TQR_20240731T125141.zarr,9909,4736
/home/ubuntu/mucilage_pipeline/mucilage-detection/data/adr_test_tqr/target/S2B_MSIL2A_20240731T100559_N0511_R022_T32TQR_20240731T125141.zarr,10717,4825
/home/ubuntu/mucilage_pipeline/mucilage-detection/data/adr_test_tqr/target/S2B_MSIL2A_20240731T100559_N0511_R022_T32TQR_20240731T125141.zarr,5447,8501
/home/ubuntu/mucilage_pipeline/mucilage-detection/data/adr_test_tqr/target/S2B_MSIL2A_20240731T100559_N0511_R022_T32TQR_20240731T125141.zarr,7590,6805
/home/ubuntu/mucilage_pipeline/mucilage-detection/data/adr_test_tqr/target/S2B_MSIL2A_20240731T100559_N0511_R022_T32TQR_20240731T125141.zarr,6263,7812
/home/ubuntu/mucilage_pipeline/mucilage-detection/data/adr_test_tqr/target/S2B_MSIL2A_20240731T100559_N0511_R022_T32TQR_20240731T125141.zarr,7696,10221
/home/ubuntu/mucilage_pipeline/mucilage-detection/data/adr_test_tqr/target/S2B_MSIL2A_20240731T100559_N0511_R022_T32TQR_20240731T125141.zarr,7281,6447
/home/ubuntu/mucilage_pipeline/mucilage-detection/data/adr_test_tqr/target/S2B_MSIL2A_20240731T100559_N0511_R022_T32TQR_20240731T125141.zarr,10271,7306
/home/ubuntu/mucilage_pipeline/mucilage-detection/data/adr_test_tqr/target/S2B_MSIL2A_20240731T100559_N0511_R022_T32TQR_20240731T125141.zarr,10338,9237
/home/ubuntu/mucilage_pipeline/mucilage-detection/data/adr_test_tqr/target/S2B_MSIL2A_20240731T100559_N0511_R022_T32TQR_20240731T125141.zarr,9890,6325
/home/ubuntu/mucilage_pipeline/mucilage-detection/data/adr_test_tqr/target/S2B_MSIL2A_20240731T100559_N0511_R022_T32TQR_20240731T125141.zarr,7173,5285
/home/ubuntu/mucilage_pipeline/mucilage-detection/data/adr_test_tqr/target/S2B_MSIL2A_20240731T100559_N0511_R022_T32TQR_20240731T125141.zarr,9169,6672
/home/ubuntu/mucilage_pipeline/mucilage-detection/data/adr_test_tqr/target/S2B_MSIL2A_20240731T100559_N0511_R022_T32TQR_20240731T125141.zarr,8436,5904
/home/ubuntu/mucilage_pipeline/mucilage-detection/data/adr_test_tqr/target/S2B_MSIL2A_20240731T100559_N0511_R022_T32TQR_20240731T125141.zarr,9248,9589
/home/ubuntu/mucilage_pipeline/mucilage-detection/data/adr_test_tqr/target/S2B_MSIL2A_20240731T100559_N0511_R022_T32TQR_20240731T125141.zarr,5202,8484
/home/ubuntu/mucilage_pipeline/mucilage-detection/data/adr_test_tqr/target/S2B_MSIL2A_20240731T100559_N0511_R022_T32TQR_20240731T125141.zarr,7411,9994
/home/ubuntu/mucilage_pipeline/mucilage-detection/data/adr_test_tqr/target/S2B_MSIL2A_20240731T100559_N0511_R022_T32TQR_20240731T125141.zarr,8183,9560
/home/ubuntu/mucilage_pipeline/mucilage-detection/data/adr_test_tqr/target/S2B_MSIL2A_20240731T100559_N0511_R022_T32TQR_20240731T125141.zarr,9547,6068
/home/ubuntu/mucilage_pipeline/mucilage-detection/data/adr_test_tqr/target/S2B_MSIL2A_20240731T100559_N0511_R022_T32TQR_20240731T125141.zarr,8422,10125
/home/ubuntu/mucilage_pipeline/mucilage-detection/data/adr_test_tqr/target/S2B_MSIL2A_20240731T100559_N0511_R022_T32TQR_20240731T125141.zarr,7705,7970
/home/ubuntu/mucilage_pipeline/mucilage-detection/data/adr_test_tqr/target/S2B_MSIL2A_20240731T100559_N0511_R022_T32TQR_20240731T125141.zarr,6944,9585
/home/ubuntu/mucilage_pipeline/mucilage-detection/data/adr_test_tqr/target/S2B_MSIL2A_20240731T100559_N0511_R022_T32TQR_20240731T125141.zarr,9043,10147
/home/ubuntu/mucilage_pipeline/mucilage-detection/data/adr_test_tqr/target/S2B_MSIL2A_20240731T100559_N0511_R022_T32TQR_20240731T125141.zarr,10090,6824
/home/ubuntu/mucilage_pipeline/mucilage-detection/data/adr_test_tqr/target/S2B_MSIL2A_20240731T100559_N0511_R022_T32TQR_20240731T125141.zarr,6922,5540
/home/ubuntu/mucilage_pipeline/mucilage-detection/data/adr_test_tqr/target/S2B_MSIL2A_20240731T100559_N0511_R022_T32TQR_20240731T125141.zarr,9235,6320
/home/ubuntu/mucilage_pipeline/mucilage-detection/data/adr_test_tqr/target/S2B_MSIL2A_20240731T100559_N0511_R022_T32TQR_20240731T125141.zarr,5464,7394
/home/ubuntu/mucilage_pipeline/mucilage-detection/data/adr_test_tqr/target/S2B_MSIL2A_20240731T100559_N0511_R022_T32TQR_20240731T125141.zarr,9398,9654
/home/ubuntu/mucilage_pipeline/mucilage-detection/data/adr_test_tqr/target/S2B_MSIL2A_20240731T100559_N0511_R022_T32TQR_20240731T125141.zarr,7280,9927
/home/ubuntu/mucilage_pipeline/mucilage-detection/data/adr_test_tqr/target/S2B_MSIL2A_20240731T100559_N0511_R022_T32TQR_20240731T125141.zarr,10198,4243
/home/ubuntu/mucilage_pipeline/mucilage-detection/data/adr_test_tqr/target/S2B_MSIL2A_20240731T100559_N0511_R022_T32TQR_20240731T125141.zarr,7547,7823
/home/ubuntu/mucilage_pipeline/mucilage-detection/data/adr_test_tqr/target/S2B_MSIL2A_20240731T100559_N0511_R022_T32TQR_20240731T125141.zarr,7973,7343
/home/ubuntu/mucilage_pipeline/mucilage-detection/data/adr_test_tqr/target/S2B_MSIL2A_20240731T100559_N0511_R022_T32TQR_20240731T125141.zarr,6083,6286
/home/ubuntu/mucilage_pipeline/mucilage-detection/data/adr_test_tqr/target/S2B_MSIL2A_20240731T100559_N0511_R022_T32TQR_20240731T125141.zarr,7434,5612
/home/ubuntu/mucilage_pipeline/mucilage-detection/data/adr_test_tqr/target/S2B_MSIL2A_20240731T100559_N0511_R022_T32TQR_20240731T125141.zarr,6580,6929
/home/ubuntu/mucilage_pipeline/mucilage-detection/data/adr_test_tqr/target/S2B_MSIL2A_20240731T100559_N0511_R022_T32TQR_20240731T125141.zarr,7342,10449
/home/ubuntu/mucilage_pipeline/mucilage-detection/data/adr_test_tqr/target/S2B_MSIL2A_20240731T100559_N0511_R022_T32TQR_20240731T125141.zarr,8188,6852
/home/ubuntu/mucilage_pipeline/mucilage-detection/data/adr_test_tqr/target/S2B_MSIL2A_20240731T100559_N0511_R022_T32TQR_20240731T125141.zarr,9853,7864
/home/ubuntu/mucilage_pipeline/mucilage-detection/data/adr_test_tqr/target/S2B_MSIL2A_20240731T100559_N0511_R022_T32TQR_20240731T125141.zarr,8319,8894
/home/ubuntu/mucilage_pipeline/mucilage-detection/data/adr_test_tqr/target/S2B_MSIL2A_20240731T100559_N0511_R022_T32TQR_20240731T125141.zarr,7470,7065
/home/ubuntu/mucilage_pipeline/mucilage-detection/data/adr_test_tqr/target/S2B_MSIL2A_20240731T100559_N0511_R022_T32TQR_20240731T125141.zarr,10040,10647
/home/ubuntu/mucilage_pipeline/mucilage-detection/data/adr_test_tqr/target/S2B_MSIL2A_20240731T100559_N0511_R022_T32TQR_20240731T125141.zarr,9350,10581
/home/ubuntu/mucilage_pipeline/mucilage-detection/data/adr_test_tqr/target/S2B_MSIL2A_20240731T100559_N0511_R022_T32TQR_20240731T125141.zarr,9773,6461
/home/ubuntu/mucilage_pipeline/mucilage-detection/data/adr_test_tqr/target/S2B_MSIL2A_20240731T100559_N0511_R022_T32TQR_20240731T125141.zarr,8054,7754
/home/ubuntu/mucilage_pipeline/mucilage-detection/data/adr_test_tqr/target/S2B_MSIL2A_20240731T100559_N0511_R022_T32TQR_20240731T125141.zarr,7009,6733
/home/ubuntu/mucilage_pipeline/mucilage-detection/data/adr_test_tqr/target/S2B_MSIL2A_20240731T100559_N0511_R022_T32TQR_20240731T125141.zarr,9743,6645
/home/ubuntu/mucilage_pipeline/mucilage-detection/data/adr_test_tqr/target/S2B_MSIL2A_20240731T100559_N0511_R022_T32TQR_20240731T125141.zarr,10407,4896
/home/ubuntu/mucilage_pipeline/mucilage-detection/data/adr_test_tqr/target/S2B_MSIL2A_20240731T100559_N0511_R022_T32TQR_20240731T125141.zarr,7330,8348
/home/ubuntu/mucilage_pipeline/mucilage-detection/data/adr_test_tqr/target/S2B_MSIL2A_20240731T100559_N0511_R022_T32TQR_20240731T125141.zarr,6348,7782
/home/ubuntu/mucilage_pipeline/mucilage-detection/data/adr_test_tqr/target/S2B_MSIL2A_20240731T100559_N0511_R022_T32TQR_20240731T125141.zarr,8186,5056
/home/ubuntu/mucilage_pipeline/mucilage-detection/data/adr_test_tqr/target/S2B_MSIL2A_20240731T100559_N0511_R022_T32TQR_20240731T125141.zarr,9288,6611
/home/ubuntu/mucilage_pipeline/mucilage-detection/data/adr_test_tqr/target/S2B_MSIL2A_20240728T095549_N0511_R122_T32TQR_20240728T114034.zarr,9394,10247
/home/ubuntu/mucilage_pipeline/mucilage-detection/data/adr_test_tqr/target/S2B_MSIL2A_20240728T095549_N0511_R122_T32TQR_20240728T114034.zarr,7628,6347
/home/ubuntu/mucilage_pipeline/mucilage-detection/data/adr_test_tqr/target/S2B_MSIL2A_20240728T095549_N0511_R122_T32TQR_20240728T114034.zarr,9459,5739
/home/ubuntu/mucilage_pipeline/mucilage-detection/data/adr_test_tqr/target/S2B_MSIL2A_20240728T095549_N0511_R122_T32TQR_20240728T114034.zarr,7220,7784
/home/ubuntu/mucilage_pipeline/mucilage-detection/data/adr_test_tqr/target/S2B_MSIL2A_20240728T095549_N0511_R122_T32TQR_20240728T114034.zarr,6191,6362
/home/ubuntu/mucilage_pipeline/mucilage-detection/data/adr_test_tqr/target/S2B_MSIL2A_20240728T095549_N0511_R122_T32TQR_20240728T114034.zarr,6466,8799
/home/ubuntu/mucilage_pipeline/mucilage-detection/data/adr_test_tqr/target/S2B_MSIL2A_20240728T095549_N0511_R122_T32TQR_20240728T114034.zarr,8045,9350
/home/ubuntu/mucilage_pipeline/mucilage-detection/data/adr_test_tqr/target/S2B_MSIL2A_20240728T095549_N0511_R122_T32TQR_20240728T114034.zarr,5682,6336
/home/ubuntu/mucilage_pipeline/mucilage-detection/data/adr_test_tqr/target/S2B_MSIL2A_20240728T095549_N0511_R122_T32TQR_20240728T114034.zarr,6612,9136
/home/ubuntu/mucilage_pipeline/mucilage-detection/data/adr_test_tqr/target/S2B_MSIL2A_20240728T095549_N0511_R122_T32TQR_20240728T114034.zarr,6712,7094
/home/ubuntu/mucilage_pipeline/mucilage-detection/data/adr_test_tqr/target/S2B_MSIL2A_20240728T095549_N0511_R122_T32TQR_20240728T114034.zarr,5250,8575
/home/ubuntu/mucilage_pipeline/mucilage-detection/data/adr_test_tqr/target/S2B_MSIL2A_20240728T095549_N0511_R122_T32TQR_20240728T114034.zarr,9685,8581
/home/ubuntu/mucilage_pipeline/mucilage-detection/data/adr_test_tqr/target/S2B_MSIL2A_20240728T095549_N0511_R122_T32TQR_20240728T114034.zarr,8950,8042
/home/ubuntu/mucilage_pipeline/mucilage-detection/data/adr_test_tqr/target/S2B_MSIL2A_20240728T095549_N0511_R122_T32TQR_20240728T114034.zarr,10404,5354
/home/ubuntu/mucilage_pipeline/mucilage-detection/data/adr_test_tqr/target/S2B_MSIL2A_20240728T095549_N0511_R122_T32TQR_20240728T114034.zarr,8402,9811
/home/ubuntu/mucilage_pipeline/mucilage-detection/data/adr_test_tqr/target/S2B_MSIL2A_20240728T095549_N0511_R122_T32TQR_20240728T114034.zarr,9915,6822
/home/ubuntu/mucilage_pipeline/mucilage-detection/data/adr_test_tqr/target/S2B_MSIL2A_20240728T095549_N0511_R122_T32TQR_20240728T114034.zarr,7179,6021
/home/ubuntu/mucilage_pipeline/mucilage-detection/data/adr_test_tqr/target/S2B_MSIL2A_20240728T095549_N0511_R122_T32TQR_20240728T114034.zarr,7105,4913
/home/ubuntu/mucilage_pipeline/mucilage-detection/data/adr_test_tqr/target/S2B_MSIL2A_20240728T095549_N0511_R122_T32TQR_20240728T114034.zarr,10332,8346
/home/ubuntu/mucilage_pipeline/mucilage-detection/data/adr_test_tqr/target/S2B_MSIL2A_20240728T095549_N0511_R122_T32TQR_20240728T114034.zarr,8645,8830
/home/ubuntu/mucilage_pipeline/mucilage-detection/data/adr_test_tqr/target/S2B_MSIL2A_20240728T095549_N0511_R122_T32TQR_20240728T114034.zarr,10530,4529
/home/ubuntu/mucilage_pipeline/mucilage-detection/data/adr_test_tqr/target/S2B_MSIL2A_20240728T095549_N0511_R122_T32TQR_20240728T114034.zarr,10294,7910
/home/ubuntu/mucilage_pipeline/mucilage-detection/data/adr_test_tqr/target/S2B_MSIL2A_20240728T095549_N0511_R122_T32TQR_20240728T114034.zarr,5697,6270
/home/ubuntu/mucilage_pipeline/mucilage-detection/data/adr_test_tqr/target/S2B_MSIL2A_20240728T095549_N0511_R122_T32TQR_20240728T114034.zarr,7871,8646
/home/ubuntu/mucilage_pipeline/mucilage-detection/data/adr_test_tqr/target/S2B_MSIL2A_20240728T095549_N0511_R122_T32TQR_20240728T114034.zarr,9867,5941
/home/ubuntu/mucilage_pipeline/mucilage-detection/data/adr_test_tqr/target/S2B_MSIL2A_20240728T095549_N0511_R122_T32TQR_20240728T114034.zarr,5882,8908
/home/ubuntu/mucilage_pipeline/mucilage-detection/data/adr_test_tqr/target/S2B_MSIL2A_20240728T095549_N0511_R122_T32TQR_20240728T114034.zarr,10310,7202
/home/ubuntu/mucilage_pipeline/mucilage-detection/data/adr_test_tqr/target/S2B_MSIL2A_20240728T095549_N0511_R122_T32TQR_20240728T114034.zarr,7128,10422
/home/ubuntu/mucilage_pipeline/mucilage-detection/data/adr_test_tqr/target/S2B_MSIL2A_20240728T095549_N0511_R122_T32TQR_20240728T114034.zarr,9357,5690
/home/ubuntu/mucilage_pipeline/mucilage-detection/data/adr_test_tqr/target/S2B_MSIL2A_20240728T095549_N0511_R122_T32TQR_20240728T114034.zarr,7049,6940
/home/ubuntu/mucilage_pipeline/mucilage-detection/data/adr_test_tqr/target/S2B_MSIL2A_20240728T095549_N0511_R122_T32TQR_20240728T114034.zarr,7487,5522
/home/ubuntu/mucilage_pipeline/mucilage-detection/data/adr_test_tqr/target/S2B_MSIL2A_20240728T095549_N0511_R122_T32TQR_20240728T114034.zarr,7380,10349
/home/ubuntu/mucilage_pipeline/mucilage-detection/data/adr_test_tqr/target/S2B_MSIL2A_20240728T095549_N0511_R122_T32TQR_20240728T114034.zarr,9645,10060
/home/ubuntu/mucilage_pipeline/mucilage-detection/data/adr_test_tqr/target/S2B_MSIL2A_20240728T095549_N0511_R122_T32TQR_20240728T114034.zarr,9468,6455
/home/ubuntu/mucilage_pipeline/mucilage-detection/data/adr_test_tqr/target/S2B_MSIL2A_20240728T095549_N0511_R122_T32TQR_20240728T114034.zarr,7608,8729
/home/ubuntu/mucilage_pipeline/mucilage-detection/data/adr_test_tqr/target/S2B_MSIL2A_20240728T095549_N0511_R122_T32TQR_20240728T114034.zarr,10217,9701
/home/ubuntu/mucilage_pipeline/mucilage-detection/data/adr_test_tqr/target/S2B_MSIL2A_20240728T095549_N0511_R122_T32TQR_20240728T114034.zarr,6747,8150
/home/ubuntu/mucilage_pipeline/mucilage-detection/data/adr_test_tqr/target/S2B_MSIL2A_20240728T095549_N0511_R122_T32TQR_20240728T114034.zarr,8883,8008
/home/ubuntu/mucilage_pipeline/mucilage-detection/data/adr_test_tqr/target/S2B_MSIL2A_20240728T095549_N0511_R122_T32TQR_20240728T114034.zarr,10397,6360
/home/ubuntu/mucilage_pipeline/mucilage-detection/data/adr_test_tqr/target/S2B_MSIL2A_20240728T095549_N0511_R122_T32TQR_20240728T114034.zarr,9934,5376
/home/ubuntu/mucilage_pipeline/mucilage-detection/data/adr_test_tqr/target/S2B_MSIL2A_20240728T095549_N0511_R122_T32TQR_20240728T114034.zarr,6519,10179
/home/ubuntu/mucilage_pipeline/mucilage-detection/data/adr_test_tqr/target/S2B_MSIL2A_20240728T095549_N0511_R122_T32TQR_20240728T114034.zarr,10211,10198
/home/ubuntu/mucilage_pipeline/mucilage-detection/data/adr_test_tqr/target/S2B_MSIL2A_20240728T095549_N0511_R122_T32TQR_20240728T114034.zarr,7590,8579
/home/ubuntu/mucilage_pipeline/mucilage-detection/data/adr_test_tqr/target/S2B_MSIL2A_20240728T095549_N0511_R122_T32TQR_20240728T114034.zarr,8283,6928
/home/ubuntu/mucilage_pipeline/mucilage-detection/data/adr_test_tqr/target/S2B_MSIL2A_20240728T095549_N0511_R122_T32TQR_20240728T114034.zarr,7107,6987
/home/ubuntu/mucilage_pipeline/mucilage-detection/data/adr_test_tqr/target/S2B_MSIL2A_20240728T095549_N0511_R122_T32TQR_20240728T114034.zarr,9138,9121
/home/ubuntu/mucilage_pipeline/mucilage-detection/data/adr_test_tqr/target/S2B_MSIL2A_20240728T095549_N0511_R122_T32TQR_20240728T114034.zarr,8352,10178
/home/ubuntu/mucilage_pipeline/mucilage-detection/data/adr_test_tqr/target/S2B_MSIL2A_20240728T095549_N0511_R122_T32TQR_20240728T114034.zarr,8188,10118
/home/ubuntu/mucilage_pipeline/mucilage-detection/data/adr_test_tqr/target/S2B_MSIL2A_20240728T095549_N0511_R122_T32TQR_20240728T114034.zarr,6156,9467
/home/ubuntu/mucilage_pipeline/mucilage-detection/data/adr_test_tqr/target/S2B_MSIL2A_20240728T095549_N0511_R122_T32TQR_20240728T114034.zarr,5827,8629
/home/ubuntu/mucilage_pipeline/mucilage-detection/data/adr_test_tqr/target/S2B_MSIL2A_20240728T095549_N0511_R122_T32TQR_20240728T114034.zarr,9074,5306
/home/ubuntu/mucilage_pipeline/mucilage-detection/data/adr_test_tqr/target/S2B_MSIL2A_20240728T095549_N0511_R122_T32TQR_20240728T114034.zarr,9959,5855
/home/ubuntu/mucilage_pipeline/mucilage-detection/data/adr_test_tqr/target/S2B_MSIL2A_20240728T095549_N0511_R122_T32TQR_20240728T114034.zarr,7411,10187
/home/ubuntu/mucilage_pipeline/mucilage-detection/data/adr_test_tqr/target/S2B_MSIL2A_20240728T095549_N0511_R122_T32TQR_20240728T114034.zarr,7147,8432
/home/ubuntu/mucilage_pipeline/mucilage-detection/data/adr_test_tqr/target/S2B_MSIL2A_20240728T095549_N0511_R122_T32TQR_20240728T114034.zarr,6119,5438
/home/ubuntu/mucilage_pipeline/mucilage-detection/data/adr_test_tqr/target/S2B_MSIL2A_20240728T095549_N0511_R122_T32TQR_20240728T114034.zarr,7419,8749
/home/ubuntu/mucilage_pipeline/mucilage-detection/data/adr_test_tqr/target/S2B_MSIL2A_20240728T095549_N0511_R122_T32TQR_20240728T114034.zarr,6395,5850
/home/ubuntu/mucilage_pipeline/mucilage-detection/data/adr_test_tqr/target/S2B_MSIL2A_20240728T095549_N0511_R122_T32TQR_20240728T114034.zarr,8009,8114
/home/ubuntu/mucilage_pipeline/mucilage-detection/data/adr_test_tqr/target/S2B_MSIL2A_20240728T095549_N0511_R122_T32TQR_20240728T114034.zarr,8828,8913
/home/ubuntu/mucilage_pipeline/mucilage-detection/data/adr_test_tqr/target/S2B_MSIL2A_20240728T095549_N0511_R122_T32TQR_20240728T114034.zarr,7257,8684
/home/ubuntu/mucilage_pipeline/mucilage-detection/data/adr_test_tqr/target/S2B_MSIL2A_20240728T095549_N0511_R122_T32TQR_20240728T114034.zarr,9417,6256
/home/ubuntu/mucilage_pipeline/mucilage-detection/data/adr_test_tqr/target/S2B_MSIL2A_20240728T095549_N0511_R122_T32TQR_20240728T114034.zarr,5956,9035
/home/ubuntu/mucilage_pipeline/mucilage-detection/data/adr_test_tqr/target/S2B_MSIL2A_20240728T095549_N0511_R122_T32TQR_20240728T114034.zarr,9372,6333
/home/ubuntu/mucilage_pipeline/mucilage-detection/data/adr_test_tqr/target/S2B_MSIL2A_20240728T095549_N0511_R122_T32TQR_20240728T114034.zarr,8809,6849
/home/ubuntu/mucilage_pipeline/mucilage-detection/data/adr_test_tqr/target/S2B_MSIL2A_20240728T095549_N0511_R122_T32TQR_20240728T114034.zarr,10206,9253
/home/ubuntu/mucilage_pipeline/mucilage-detection/data/adr_test_tqr/target/S2B_MSIL2A_20240728T095549_N0511_R122_T32TQR_20240728T114034.zarr,7277,8671
/home/ubuntu/mucilage_pipeline/mucilage-detection/data/adr_test_tqr/target/S2B_MSIL2A_20240728T095549_N0511_R122_T32TQR_20240728T114034.zarr,6014,9894
/home/ubuntu/mucilage_pipeline/mucilage-detection/data/adr_test_tqr/target/S2B_MSIL2A_20240728T095549_N0511_R122_T32TQR_20240728T114034.zarr,5623,8716
/home/ubuntu/mucilage_pipeline/mucilage-detection/data/adr_test_tqr/target/S2B_MSIL2A_20240728T095549_N0511_R122_T32TQR_20240728T114034.zarr,8821,8222
/home/ubuntu/mucilage_pipeline/mucilage-detection/data/adr_test_tqr/target/S2B_MSIL2A_20240728T095549_N0511_R122_T32TQR_20240728T114034.zarr,6705,5381
/home/ubuntu/mucilage_pipeline/mucilage-detection/data/adr_test_tqr/target/S2B_MSIL2A_20240728T095549_N0511_R122_T32TQR_20240728T114034.zarr,10019,7093
/home/ubuntu/mucilage_pipeline/mucilage-detection/data/adr_test_tqr/target/S2B_MSIL2A_20240728T095549_N0511_R122_T32TQR_20240728T114034.zarr,7762,6498
/home/ubuntu/mucilage_pipeline/mucilage-detection/data/adr_test_tqr/target/S2B_MSIL2A_20240728T095549_N0511_R122_T32TQR_20240728T114034.zarr,8387,6373
/home/ubuntu/mucilage_pipeline/mucilage-detection/data/adr_test_tqr/target/S2B_MSIL2A_20240728T095549_N0511_R122_T32TQR_20240728T114034.zarr,8174,10660
/home/ubuntu/mucilage_pipeline/mucilage-detection/data/adr_test_tqr/target/S2B_MSIL2A_20240728T095549_N0511_R122_T32TQR_20240728T114034.zarr,6945,7239
/home/ubuntu/mucilage_pipeline/mucilage-detection/data/adr_test_tqr/target/S2B_MSIL2A_20240728T095549_N0511_R122_T32TQR_20240728T114034.zarr,5907,10148
/home/ubuntu/mucilage_pipeline/mucilage-detection/data/adr_test_tqr/target/S2B_MSIL2A_20240728T095549_N0511_R122_T32TQR_20240728T114034.zarr,8434,8568
/home/ubuntu/mucilage_pipeline/mucilage-detection/data/adr_test_tqr/target/S2B_MSIL2A_20240728T095549_N0511_R122_T32TQR_20240728T114034.zarr,9759,9561
/home/ubuntu/mucilage_pipeline/mucilage-detection/data/adr_test_tqr/target/S2B_MSIL2A_20240728T095549_N0511_R122_T32TQR_20240728T114034.zarr,5926,7858
/home/ubuntu/mucilage_pipeline/mucilage-detection/data/adr_test_tqr/target/S2B_MSIL2A_20240728T095549_N0511_R122_T32TQR_20240728T114034.zarr,8135,7801
/home/ubuntu/mucilage_pipeline/mucilage-detection/data/adr_test_tqr/target/S2B_MSIL2A_20240728T095549_N0511_R122_T32TQR_20240728T114034.zarr,6267,6077
/home/ubuntu/mucilage_pipeline/mucilage-detection/data/adr_test_tqr/target/S2B_MSIL2A_20240728T095549_N0511_R122_T32TQR_20240728T114034.zarr,7222,9099
/home/ubuntu/mucilage_pipeline/mucilage-detection/data/adr_test_tqr/target/S2B_MSIL2A_20240728T095549_N0511_R122_T32TQR_20240728T114034.zarr,9240,6589
/home/ubuntu/mucilage_pipeline/mucilage-detection/data/adr_test_tqr/target/S2B_MSIL2A_20240728T095549_N0511_R122_T32TQR_20240728T114034.zarr,9619,4690
/home/ubuntu/mucilage_pipeline/mucilage-detection/data/adr_test_tqr/target/S2B_MSIL2A_20240728T095549_N0511_R122_T32TQR_20240728T114034.zarr,6025,8648
/home/ubuntu/mucilage_pipeline/mucilage-detection/data/adr_test_tqr/target/S2B_MSIL2A_20240728T095549_N0511_R122_T32TQR_20240728T114034.zarr,10512,5959
/home/ubuntu/mucilage_pipeline/mucilage-detection/data/adr_test_tqr/target/S2B_MSIL2A_20240728T095549_N0511_R122_T32TQR_20240728T114034.zarr,10388,10529
/home/ubuntu/mucilage_pipeline/mucilage-detection/data/adr_test_tqr/target/S2B_MSIL2A_20240728T095549_N0511_R122_T32TQR_20240728T114034.zarr,9191,10288
/home/ubuntu/mucilage_pipeline/mucilage-detection/data/adr_test_tqr/target/S2B_MSIL2A_20240728T095549_N0511_R122_T32TQR_20240728T114034.zarr,10194,7107
/home/ubuntu/mucilage_pipeline/mucilage-detection/data/adr_test_tqr/target/S2B_MSIL2A_20240728T095549_N0511_R122_T32TQR_20240728T114034.zarr,9755,4499
/home/ubuntu/mucilage_pipeline/mucilage-detection/data/adr_test_tqr/target/S2B_MSIL2A_20240728T095549_N0511_R122_T32TQR_20240728T114034.zarr,7261,10371
/home/ubuntu/mucilage_pipeline/mucilage-detection/data/adr_test_tqr/target/S2B_MSIL2A_20240728T095549_N0511_R122_T32TQR_20240728T114034.zarr,5412,7439
/home/ubuntu/mucilage_pipeline/mucilage-detection/data/adr_test_tqr/target/S2B_MSIL2A_20240728T095549_N0511_R122_T32TQR_20240728T114034.zarr,10504,10616
/home/ubuntu/mucilage_pipeline/mucilage-detection/data/adr_test_tqr/target/S2B_MSIL2A_20240728T095549_N0511_R122_T32TQR_20240728T114034.zarr,7206,10596
/home/ubuntu/mucilage_pipeline/mucilage-detection/data/adr_test_tqr/target/S2B_MSIL2A_20240728T095549_N0511_R122_T32TQR_20240728T114034.zarr,7605,9916
/home/ubuntu/mucilage_pipeline/mucilage-detection/data/adr_test_tqr/target/S2B_MSIL2A_20240728T095549_N0511_R122_T32TQR_20240728T114034.zarr,8809,6669
/home/ubuntu/mucilage_pipeline/mucilage-detection/data/adr_test_tqr/target/S2B_MSIL2A_20240728T095549_N0511_R122_T32TQR_20240728T114034.zarr,8298,7193
/home/ubuntu/mucilage_pipeline/mucilage-detection/data/adr_test_tqr/target/S2B_MSIL2A_20240728T095549_N0511_R122_T32TQR_20240728T114034.zarr,7730,9905
/home/ubuntu/mucilage_pipeline/mucilage-detection/data/adr_test_tqr/target/S2B_MSIL2A_20240728T095549_N0511_R122_T32TQR_20240728T114034.zarr,7806,6800
/home/ubuntu/mucilage_pipeline/mucilage-detection/data/adr_test_tqr/target/S2B_MSIL2A_20240728T095549_N0511_R122_T32TQR_20240728T114034.zarr,7345,5909
/home/ubuntu/mucilage_pipeline/mucilage-detection/data/adr_test_tqr/target/S2B_MSIL2A_20240728T095549_N0511_R122_T32TQR_20240728T114034.zarr,5885,8159
/home/ubuntu/mucilage_pipeline/mucilage-detection/data/adr_test_tqr/target/S2B_MSIL2A_20240728T095549_N0511_R122_T32TQR_20240728T114034.zarr,9705,10418
/home/ubuntu/mucilage_pipeline/mucilage-detection/data/adr_test_tqr/target/S2B_MSIL2A_20240728T095549_N0511_R122_T32TQR_20240728T114034.zarr,9319,8937
/home/ubuntu/mucilage_pipeline/mucilage-detection/data/adr_test_tqr/target/S2B_MSIL2A_20240728T095549_N0511_R122_T32TQR_20240728T114034.zarr,6921,8232
/home/ubuntu/mucilage_pipeline/mucilage-detection/data/adr_test_tqr/target/S2B_MSIL2A_20240728T095549_N0511_R122_T32TQR_20240728T114034.zarr,7130,5407
/home/ubuntu/mucilage_pipeline/mucilage-detection/data/adr_test_tqr/target/S2B_MSIL2A_20240728T095549_N0511_R122_T32TQR_20240728T114034.zarr,6661,8479
/home/ubuntu/mucilage_pipeline/mucilage-detection/data/adr_test_tqr/target/S2B_MSIL2A_20240728T095549_N0511_R122_T32TQR_20240728T114034.zarr,9016,5707
/home/ubuntu/mucilage_pipeline/mucilage-detection/data/adr_test_tqr/target/S2B_MSIL2A_20240728T095549_N0511_R122_T32TQR_20240728T114034.zarr,8964,7945
/home/ubuntu/mucilage_pipeline/mucilage-detection/data/adr_test_tqr/target/S2B_MSIL2A_20240728T095549_N0511_R122_T32TQR_20240728T114034.zarr,10689,10060
/home/ubuntu/mucilage_pipeline/mucilage-detection/data/adr_test_tqr/target/S2B_MSIL2A_20240728T095549_N0511_R122_T32TQR_20240728T114034.zarr,10711,9216
/home/ubuntu/mucilage_pipeline/mucilage-detection/data/adr_test_tqr/target/S2B_MSIL2A_20240728T095549_N0511_R122_T32TQR_20240728T114034.zarr,8189,8943
/home/ubuntu/mucilage_pipeline/mucilage-detection/data/adr_test_tqr/target/S2B_MSIL2A_20240728T095549_N0511_R122_T32TQR_20240728T114034.zarr,8414,7046
/home/ubuntu/mucilage_pipeline/mucilage-detection/data/adr_test_tqr/target/S2B_MSIL2A_20240728T095549_N0511_R122_T32TQR_20240728T114034.zarr,8800,6664
/home/ubuntu/mucilage_pipeline/mucilage-detection/data/adr_test_tqr/target/S2B_MSIL2A_20240728T095549_N0511_R122_T32TQR_20240728T114034.zarr,8980,9652
/home/ubuntu/mucilage_pipeline/mucilage-detection/data/adr_test_tqr/target/S2B_MSIL2A_20240728T095549_N0511_R122_T32TQR_20240728T114034.zarr,7547,9657
/home/ubuntu/mucilage_pipeline/mucilage-detection/data/adr_test_tqr/target/S2B_MSIL2A_20240728T095549_N0511_R122_T32TQR_20240728T114034.zarr,5634,10000
/home/ubuntu/mucilage_pipeline/mucilage-detection/data/adr_test_tqr/target/S2B_MSIL2A_20240728T095549_N0511_R122_T32TQR_20240728T114034.zarr,8940,10278
/home/ubuntu/mucilage_pipeline/mucilage-detection/data/adr_test_tqr/target/S2B_MSIL2A_20240728T095549_N0511_R122_T32TQR_20240728T114034.zarr,9256,7906
/home/ubuntu/mucilage_pipeline/mucilage-detection/data/adr_test_tqr/target/S2B_MSIL2A_20240728T095549_N0511_R122_T32TQR_20240728T114034.zarr,10012,7851
/home/ubuntu/mucilage_pipeline/mucilage-detection/data/adr_test_tqr/target/S2B_MSIL2A_20240728T095549_N0511_R122_T32TQR_20240728T114034.zarr,8477,9583
/home/ubuntu/mucilage_pipeline/mucilage-detection/data/adr_test_tqr/target/S2B_MSIL2A_20240728T095549_N0511_R122_T32TQR_20240728T114034.zarr,6436,8673
/home/ubuntu/mucilage_pipeline/mucilage-detection/data/adr_test_tqr/target/S2B_MSIL2A_20240728T095549_N0511_R122_T32TQR_20240728T114034.zarr,10245,8972
/home/ubuntu/mucilage_pipeline/mucilage-detection/data/adr_test_tqr/target/S2B_MSIL2A_20240728T095549_N0511_R122_T32TQR_20240728T114034.zarr,10375,9567
/home/ubuntu/mucilage_pipeline/mucilage-detection/data/adr_test_tqr/target/S2B_MSIL2A_20240728T095549_N0511_R122_T32TQR_20240728T114034.zarr,10136,10135
/home/ubuntu/mucilage_pipeline/mucilage-detection/data/adr_test_tqr/target/S2B_MSIL2A_20240728T095549_N0511_R122_T32TQR_20240728T114034.zarr,8380,6922
/home/ubuntu/mucilage_pipeline/mucilage-detection/data/adr_test_tqr/target/S2B_MSIL2A_20240728T095549_N0511_R122_T32TQR_20240728T114034.zarr,5502,7139
/home/ubuntu/mucilage_pipeline/mucilage-detection/data/adr_test_tqr/target/S2B_MSIL2A_20240728T095549_N0511_R122_T32TQR_20240728T114034.zarr,8566,5383
/home/ubuntu/mucilage_pipeline/mucilage-detection/data/adr_test_tqr/target/S2B_MSIL2A_20240728T095549_N0511_R122_T32TQR_20240728T114034.zarr,8413,8277
/home/ubuntu/mucilage_pipeline/mucilage-detection/data/adr_test_tqr/target/S2B_MSIL2A_20240728T095549_N0511_R122_T32TQR_20240728T114034.zarr,7460,4856
/home/ubuntu/mucilage_pipeline/mucilage-detection/data/adr_test_tqr/target/S2B_MSIL2A_20240728T095549_N0511_R122_T32TQR_20240728T114034.zarr,7465,7650
/home/ubuntu/mucilage_pipeline/mucilage-detection/data/adr_test_tqr/target/S2B_MSIL2A_20240728T095549_N0511_R122_T32TQR_20240728T114034.zarr,9531,8080
/home/ubuntu/mucilage_pipeline/mucilage-detection/data/adr_test_tqr/target/S2B_MSIL2A_20240728T095549_N0511_R122_T32TQR_20240728T114034.zarr,7851,6623
/home/ubuntu/mucilage_pipeline/mucilage-detection/data/adr_test_tqr/target/S2B_MSIL2A_20240728T095549_N0511_R122_T32TQR_20240728T114034.zarr,8482,8346
/home/ubuntu/mucilage_pipeline/mucilage-detection/data/adr_test_tqr/target/S2B_MSIL2A_20240728T095549_N0511_R122_T32TQR_20240728T114034.zarr,10609,4783
/home/ubuntu/mucilage_pipeline/mucilage-detection/data/adr_test_tqr/target/S2B_MSIL2A_20240728T095549_N0511_R122_T32TQR_20240728T114034.zarr,9528,4873
/home/ubuntu/mucilage_pipeline/mucilage-detection/data/adr_test_tqr/target/S2B_MSIL2A_20240728T095549_N0511_R122_T32TQR_20240728T114034.zarr,10332,9734
/home/ubuntu/mucilage_pipeline/mucilage-detection/data/adr_test_tqr/target/S2B_MSIL2A_20240728T095549_N0511_R122_T32TQR_20240728T114034.zarr,8554,7050
/home/ubuntu/mucilage_pipeline/mucilage-detection/data/adr_test_tqr/target/S2B_MSIL2A_20240728T095549_N0511_R122_T32TQR_20240728T114034.zarr,6682,5618
/home/ubuntu/mucilage_pipeline/mucilage-detection/data/adr_test_tqr/target/S2B_MSIL2A_20240728T095549_N0511_R122_T32TQR_20240728T114034.zarr,7798,7967
/home/ubuntu/mucilage_pipeline/mucilage-detection/data/adr_test_tqr/target/S2B_MSIL2A_20240728T095549_N0511_R122_T32TQR_20240728T114034.zarr,6464,9404
/home/ubuntu/mucilage_pipeline/mucilage-detection/data/adr_test_tqr/target/S2B_MSIL2A_20240728T095549_N0511_R122_T32TQR_20240728T114034.zarr,8608,6205
/home/ubuntu/mucilage_pipeline/mucilage-detection/data/adr_test_tqr/target/S2B_MSIL2A_20240728T095549_N0511_R122_T32TQR_20240728T114034.zarr,9525,8522
